Number,Time of buble_sort,Time of insert_sort,Time of select_sort,Time of merge_sort,Time of shell_sort,Time of quick_sort
1,1.2e-07,1.2e-07,1.8e-07,1.6e-07,1.6e-07,1.8e-07
5,3.4e-07,5.6e-07,4.4e-07,7.6e-07,3.4e-07,5e-07
10,9.2e-07,1.4e-06,1.46e-06,1.62e-06,6.2e-07,1.4e-06
50,1.322e-05,1.64e-05,5.8e-06,5.56e-06,3.2e-06,1.294e-05
75,2.724e-05,4.484e-05,1.432e-05,1.032e-05,4.98e-06,3.712e-05
100,4.668e-05,7.718e-05,1.896e-05,1.242e-05,8.76e-06,7.094e-05
250,0.00025118,0.00029262,8.706e-05,3.59e-05,1.932e-05,0.00035434
500,0.00110536,0.00127048,0.00032796,9.14e-05,6.804e-05,0.00161546
750,0.00214678,0.00290294,0.00125028,7.794e-05,8.184e-05,0.00293106
1000,0.00392592,0.0046335,0.0013125,0.00017974,9.15e-05,0.00978824
